Workbook
Name 학교명목록: [1]학교정보!$E$2:$E$791

Sheet 기초자료입력
A1: 기초자료 입력 (공통 C-01~C-06 / 사업 B-01~B-07 / 문서별 D-01~D-05 / 반복 R-01~R-07) | G1: 불러온 레코드 순번 | H1: 2 | T1: 빠른 출력 선택 (서식선택_출력과 실시간 연동)
H2: 불러올 레코드 선택:
B3: 1. 공통 정보 (C)
A4: C-01 | B4: 학교명 * | C4: 전주고등학교 | E4: 학교 주소(자동) | F4: =IFERROR(INDEX([1]학교정보!$F$2:$F$791,MATCH($C$4,[1]학교정보!$E$2:$E$791,0)),"") -> 전주시 완산구 권삼득로 2 | T4: 선택 | U4: Form ID | V4: 서식명 | W4: 보기
A5: C-02 | B5: 학년도 * | C5: 2026 | E5: 학교 전화(자동) | F5: =IFERROR(INDEX([1]학교정보!$G$2:$G$791,MATCH($C$4,[1]학교정보!$E$2:$E$791,0)),"") -> 285-0212 | U5: =[1]서식선택_출력!B5 -> F-001 | V5: =[1]서식선택_출력!C5 -> 교복선정위원회 구성 기안
A6: C-03 | B6: 담당부서 | C6: 행정실 | U6: =[1]서식선택_출력!B6 -> F-002 | V6: =[1]서식선택_출력!C6 -> 위원 수락 및 확인서
A7: C-04 | B7: 담당자 직위 | C7: 주무관 | U7: =[2]서식선택_출력!B7 -> F-003 | V7: =[2]서식선택_출력!C7 -> 위원 청렴 및 보안 서약서
A8: C-05 | B8: 문서 발행일 | C8: 46023 | U8: =[2]서식선택_출력!B8 -> F-004 | V8: =[2]서식선택_출력!C8 -> 구매 추진 계획 수립
A9: C-06 | B9: 문서번호 | C9: 전주고-24244(26.1.1.) | U9: =[2]서식선택_출력!B9 -> F-005 | V9: =[2]서식선택_출력!C9 -> 구매 추진 계획안
A10: C-08 | B10: 담당자 성명 | C10: 윤호 | D10: C-07 | E10: 교장 성명(결재권자) | F10: 김호 | U10: =[2]서식선택_출력!B10 -> F-006 | V10: =[2]서식선택_출력!C10 -> 학교운영위원회 심의(안)
B11: 2. 사업 정보 (B) | U11: =[2]서식선택_출력!B11 -> F-007 | V11: =[2]서식선택_출력!C11 -> 교복구매 구매 요청
A12: B-01 | B12: 구매명 * | C12: 전주고 교복구매건 | U12: =[2]서식선택_출력!B12 -> F-008 | V12: =[2]서식선택_출력!C12 -> 교복 사양서
A13: B-02 | B13: 구매 학년 | C13: 1 | U13: =[2]서식선택_출력!B13 -> F-009 | V13: =[2]서식선택_출력!C13 -> 기초금액 및 계약방법 결정
A14: B-03 | B14: 계약방식 (계약방법안내에서 검토 후 반영) | C14: 일반경쟁입찰 | U14: =[2]서식선택_출력!B14 -> F-010 | V14: =[2]서식선택_출력!C14 -> 사전규격공개 기안문
A15: B-04 | B15: 기초금액(원) | C15: 20000000 | U15: =[2]서식선택_출력!B15 -> F-011 | V15: =[2]서식선택_출력!C15 -> 교복 학교주관구매 입찰 공고
A16: B-05 | B16: 예정수량 | C16: 200 | U16: =[2]서식선택_출력!B16 -> F-012 | V16: =[2]서식선택_출력!C16 -> 계약 특수조건
A17: B-06 | B17: 납품기한 | C17: 46388 | U17: =[2]서식선택_출력!B17 -> F-013 | V17: =[2]서식선택_출력!C17 -> 교복 디자인 및 규격서
A18: B-07 | B18: 제출기한 | C18: 46388 | U18: =[2]서식선택_출력!B18 -> F-014 | V18: =[2]서식선택_출력!C18 -> 제안서 평가항목 및 배점기준
U19: =[2]서식선택_출력!B19 -> F-015 | V19: =[2]서식선택_출력!C19 -> 정량적 평가
B20: 3. 문서별 정보 (D) — 서식 공통 기본값 | U20: =[2]서식선택_출력!B20 -> F-016 | V20: =[2]서식선택_출력!C20 -> 정성적 평가
A21: D-01 | B21: 수신 | U21: =[2]서식선택_출력!B21 -> F-017 | V21: =[2]서식선택_출력!C21 -> 제출서류 자기확인서
A22: D-02 | B22: 제목 * | C22: 전주고 교복구매건 | U22: =[2]서식선택_출력!B22 -> F-018 | V22: =[2]서식선택_출력!C22 -> 정량적 평가 자기 평점표
A23: D-03 | B23: 관련문서 | C23: 전주고-24244(26.1.1.) | U23: =[2]서식선택_출력!B23 -> F-019 | V23: =[2]서식선택_출력!C23 -> 입찰참가신청서
A24: D-04 | B24: 붙임 목록 | U24: =[2]서식선택_출력!B24 -> F-020 | V24: =[2]서식선택_출력!C24 -> 입찰 참가 신고서
A25: D-05 | B25: 안내문 본문 | U25: =[2]서식선택_출력!B25 -> F-021 | V25: =[2]서식선택_출력!C25 -> 교복 납품 제안서
U26: =[2]서식선택_출력!B26 -> F-022 | V26: =[2]서식선택_출력!C26 -> 교복 납품 실적표
B27: 4. 품목 반복행 (R-04 품목명 / R-05 수량 / R-06 단가 / K-01 금액 자동계산) — F-024 등에서 사용 | U27: =[2]서식선택_출력!B27 -> F-023 | V27: =[2]서식선택_출력!C27 -> 교복 제조 사양서
B28: 품목명 | C28: 수량 | D28: 단가(원) | E28: 금액(자동, K-01) | U28: =[2]서식선택_출력!B28 -> F-024 | V28: =[2]서식선택_출력!C28 -> 품목별 단가 비율표
B29: 상의 | C29: 200 | D29: 50000 | E29: =IF(AND(B29<>"",C29<>"",D29<>""),C29*D29,"") -> 10000000 | U29: =[2]서식선택_출력!B29 -> F-025 | V29: =[2]서식선택_출력!C29 -> 교복 A/S 계획서
B30: 하의 | C30: 200 | D30: 50000 | E30: =IF(AND(B30<>"",C30<>"",D30<>""),C30*D30,"") -> 10000000 | U30: =[2]서식선택_출력!B30 -> F-026 | V30: =[2]서식선택_출력!C30 -> 소비자 불만 처리 계획
E31: =IF(AND(B31<>"",C31<>"",D31<>""),C31*D31,"") | U31: =[2]서식선택_출력!B31 -> F-027 | V31: =[2]서식선택_출력!C31 -> 위임장
E32: =IF(AND(B32<>"",C32<>"",D32<>""),C32*D32,"") | U32: =[2]서식선택_출력!B32 -> F-028 | V32: =[2]서식선택_출력!C32 -> 서약서
E33: =IF(AND(B33<>"",C33<>"",D33<>""),C33*D33,"") | U33: =[2]서식선택_출력!B33 -> F-029 | V33: =[2]서식선택_출력!C33 -> 개인정보제공 동의서
E34: =IF(AND(B34<>"",C34<>"",D34<>""),C34*D34,"") | U34: =[2]서식선택_출력!B34 -> F-030 | V34: =[2]서식선택_출력!C34 -> 청렴계약 이행서약서
E35: =IF(AND(B35<>"",C35<>"",D35<>""),C35*D35,"") | U35: =[2]서식선택_출력!B35 -> F-031 | V35: =[2]서식선택_출력!C35 -> 교복 품목별 금액표
E36: =IF(AND(B36<>"",C36<>"",D36<>""),C36*D36,"") | U36: =[2]서식선택_출력!B36 -> F-032 | V36: =[2]서식선택_출력!C36 -> 제안서 접수 결과
E37: =IF(AND(B37<>"",C37<>"",D37<>""),C37*D37,"") | U37: =[2]서식선택_출력!B37 -> F-033 | V37: =[2]서식선택_출력!C37 -> 제안서 접수대장
E38: =IF(AND(B38<>"",C38<>"",D38<>""),C38*D38,"") | U38: =[2]서식선택_출력!B38 -> F-034 | V38: =[2]서식선택_출력!C38 -> 제안서 평가위원회 개최
B39: 합계 (K-02) | E39: =SUM(E29:E38) -> 20000000 | U39: =[2]서식선택_출력!B39 -> F-035 | V39: =[2]서식선택_출력!C39 -> 제안서 정량평가 결과
U40: =[2]서식선택_출력!B40 -> F-036 | V40: =[2]서식선택_출력!C40 -> 제안서 평가 결과
U41: =[2]서식선택_출력!B41 -> F-037 | V41: =[2]서식선택_출력!C41 -> 평가위원회 참석 등록부
B42: 5. 업체 반복행 (R-03 업체명 / S열 R-08 대표자 성명 / X열 R-09 대표자 연락처) — C~F열은 F-015 학교 정량평가, H~L열은 F-016 학교 정성평가, N~Q열은 F-018 업체 자기평점이며 서로 혼용하지 않음 | U42: =[2]서식선택_출력!B42 -> F-038 | V42: =[2]서식선택_출력!C42 -> 업체 참가 등록부
B43: 업체명 | C43: 수행경험(10) | D43: 공인인증(10) | E43: 거리적접근성(15) | F43: 상한가격(15) | G43: F-015 상태 | H43: 재질 등급(15) | I43: 완성도 등급(10) | J43: A/S 등급(15) | K43: 하자보상 등급(10) | L43: 가감점(-15~5) | M43: F-016 상태 | N43: 자기 수행경험(10) | O43: 자기 공인인증(10) | P43: 자기 거리(15) | Q43: 자기 상한가격(15) | R43: F-018 상태 | S43: 대표자 성명(R-08) | U43: =[2]서식선택_출력!B43 -> F-039 | V43: =[2]서식선택_출력!C43 -> 업체별 제안서 평가표 | X43: 대표자 연락처(R-09)
B44: 스마트 | C44: 3 | D44: 3 | E44: 3 | F44: 3 | G44: =IF(B44="","",IF(AND(ISNUMBER(C44),ISNUMBER(D44),ISNUMBER(E44),ISNUMBER(F44),C44>=0,C44<=10,D44>=0,D44<=10,E44>=0,E44<=15,F44>=0,F44<=15),"정상","점수 확인")) -> 정상 | H44: 탁월 | I44: 우수 | J44: 탁월 | K44: 탁월 | L44: 1 | M44: =IF(B44="","",IF(AND(OR(H44="탁월",H44="우수",H44="보통",H44="미흡",H44="불량"),OR(I44="탁월",I44="우수",I44="보통",I44="미흡",I44="불량"),OR(J44="탁월",J44="우수",J44="보통",J44="미흡",J44="불량"),OR(K44="탁월",K44="우수",K44="보통",K44="미흡",K44="불량"),ISNUMBER(L44),L44>=-15,L44<=5),"정상","등급/가감점 확인")) -> 정상 | N44: 1 | O44: 1 | P44: 1 | Q44: 1 | R44: =IF(B44="","",IF(AND(ISNUMBER(N44),ISNUMBER(O44),ISNUMBER(P44),ISNUMBER(Q44),N44>=0,N44<=10,O44>=0,O44<=10,P44>=0,P44<=15,Q44>=0,Q44<=15),"정상","점수 확인")) -> 정상 | S44: 상상로 | U44: =[2]서식선택_출력!B44 -> F-040 | V44: =[2]서식선택_출력!C44 -> 위원 청렴 및 보안 서약서
G45: =IF(B45="","",IF(AND(ISNUMBER(C45),ISNUMBER(D45),ISNUMBER(E45),ISNUMBER(F45),C45>=0,C45<=10,D45>=0,D45<=10,E45>=0,E45<=15,F45>=0,F45<=15),"정상","점수 확인")) | M45: =IF(B45="","",IF(AND(OR(H45="탁월",H45="우수",H45="보통",H45="미흡",H45="불량"),OR(I45="탁월",I45="우수",I45="보통",I45="미흡",I45="불량"),OR(J45="탁월",J45="우수",J45="보통",J45="미흡",J45="불량"),OR(K45="탁월",K45="우수",K45="보통",K45="미흡",K45="불량"),ISNUMBER(L45),L45>=-15,L45<=5),"정상","등급/가감점 확인")) | R45: =IF(B45="","",IF(AND(ISNUMBER(N45),ISNUMBER(O45),ISNUMBER(P45),ISNUMBER(Q45),N45>=0,N45<=10,O45>=0,O45<=10,P45>=0,P45<=15,Q45>=0,Q45<=15),"정상","점수 확인")) | U45: =[2]서식선택_출력!B45 -> F-041 | V45: =[2]서식선택_출력!C45 -> 낙찰자 결정
G46: =IF(B46="","",IF(AND(ISNUMBER(C46),ISNUMBER(D46),ISNUMBER(E46),ISNUMBER(F46),C46>=0,C46<=10,D46>=0,D46<=10,E46>=0,E46<=15,F46>=0,F46<=15),"정상","점수 확인")) | M46: =IF(B46="","",IF(AND(OR(H46="탁월",H46="우수",H46="보통",H46="미흡",H46="불량"),OR(I46="탁월",I46="우수",I46="보통",I46="미흡",I46="불량"),OR(J46="탁월",J46="우수",J46="보통",J46="미흡",J46="불량"),OR(K46="탁월",K46="우수",K46="보통",K46="미흡",K46="불량"),ISNUMBER(L46),L46>=-15,L46<=5),"정상","등급/가감점 확인")) | R46: =IF(B46="","",IF(AND(ISNUMBER(N46),ISNUMBER(O46),ISNUMBER(P46),ISNUMBER(Q46),N46>=0,N46<=10,O46>=0,O46<=10,P46>=0,P46<=15,Q46>=0,Q46<=15),"정상","점수 확인")) | U46: =[2]서식선택_출력!B46 -> F-042 | V46: =[2]서식선택_출력!C46 -> 낙찰자 결정 통보
G47: =IF(B47="","",IF(AND(ISNUMBER(C47),ISNUMBER(D47),ISNUMBER(E47),ISNUMBER(F47),C47>=0,C47<=10,D47>=0,D47<=10,E47>=0,E47<=15,F47>=0,F47<=15),"정상","점수 확인")) | M47: =IF(B47="","",IF(AND(OR(H47="탁월",H47="우수",H47="보통",H47="미흡",H47="불량"),OR(I47="탁월",I47="우수",I47="보통",I47="미흡",I47="불량"),OR(J47="탁월",J47="우수",J47="보통",J47="미흡",J47="불량"),OR(K47="탁월",K47="우수",K47="보통",K47="미흡",K47="불량"),ISNUMBER(L47),L47>=-15,L47<=5),"정상","등급/가감점 확인")) | R47: =IF(B47="","",IF(AND(ISNUMBER(N47),ISNUMBER(O47),ISNUMBER(P47),ISNUMBER(Q47),N47>=0,N47<=10,O47>=0,O47<=10,P47>=0,P47<=15,Q47>=0,Q47<=15),"정상","점수 확인")) | U47: =[2]서식선택_출력!B47 -> F-043 | V47: =[2]서식선택_출력!C47 -> 계약체결
G48: =IF(B48="","",IF(AND(ISNUMBER(C48),ISNUMBER(D48),ISNUMBER(E48),ISNUMBER(F48),C48>=0,C48<=10,D48>=0,D48<=10,E48>=0,E48<=15,F48>=0,F48<=15),"정상","점수 확인")) | M48: =IF(B48="","",IF(AND(OR(H48="탁월",H48="우수",H48="보통",H48="미흡",H48="불량"),OR(I48="탁월",I48="우수",I48="보통",I48="미흡",I48="불량"),OR(J48="탁월",J48="우수",J48="보통",J48="미흡",J48="불량"),OR(K48="탁월",K48="우수",K48="보통",K48="미흡",K48="불량"),ISNUMBER(L48),L48>=-15,L48<=5),"정상","등급/가감점 확인")) | R48: =IF(B48="","",IF(AND(ISNUMBER(N48),ISNUMBER(O48),ISNUMBER(P48),ISNUMBER(Q48),N48>=0,N48<=10,O48>=0,O48<=10,P48>=0,P48<=15,Q48>=0,Q48<=15),"정상","점수 확인")) | U48: =[2]서식선택_출력!B48 -> F-044 | V48: =[2]서식선택_출력!C48 -> 사전 안내 가정통신문 안내
G49: =IF(B49="","",IF(AND(ISNUMBER(C49),ISNUMBER(D49),ISNUMBER(E49),ISNUMBER(F49),C49>=0,C49<=10,D49>=0,D49<=10,E49>=0,E49<=15,F49>=0,F49<=15),"정상","점수 확인")) | M49: =IF(B49="","",IF(AND(OR(H49="탁월",H49="우수",H49="보통",H49="미흡",H49="불량"),OR(I49="탁월",I49="우수",I49="보통",I49="미흡",I49="불량"),OR(J49="탁월",J49="우수",J49="보통",J49="미흡",J49="불량"),OR(K49="탁월",K49="우수",K49="보통",K49="미흡",K49="불량"),ISNUMBER(L49),L49>=-15,L49<=5),"정상","등급/가감점 확인")) | R49: =IF(B49="","",IF(AND(ISNUMBER(N49),ISNUMBER(O49),ISNUMBER(P49),ISNUMBER(Q49),N49>=0,N49<=10,O49>=0,O49<=10,P49>=0,P49<=15,Q49>=0,Q49<=15),"정상","점수 확인")) | U49: =[2]서식선택_출력!B49 -> F-045 | V49: =[2]서식선택_출력!C49 -> 교복구매 사전 안내 가정통신문
G50: =IF(B50="","",IF(AND(ISNUMBER(C50),ISNUMBER(D50),ISNUMBER(E50),ISNUMBER(F50),C50>=0,C50<=10,D50>=0,D50<=10,E50>=0,E50<=15,F50>=0,F50<=15),"정상","점수 확인")) | M50: =IF(B50="","",IF(AND(OR(H50="탁월",H50="우수",H50="보통",H50="미흡",H50="불량"),OR(I50="탁월",I50="우수",I50="보통",I50="미흡",I50="불량"),OR(J50="탁월",J50="우수",J50="보통",J50="미흡",J50="불량"),OR(K50="탁월",K50="우수",K50="보통",K50="미흡",K50="불량"),ISNUMBER(L50),L50>=-15,L50<=5),"정상","등급/가감점 확인")) | R50: =IF(B50="","",IF(AND(ISNUMBER(N50),ISNUMBER(O50),ISNUMBER(P50),ISNUMBER(Q50),N50>=0,N50<=10,O50>=0,O50<=10,P50>=0,P50<=15,Q50>=0,Q50<=15),"정상","점수 확인")) | U50: =[2]서식선택_출력!B50 -> F-046 | V50: =[2]서식선택_출력!C50 -> 수요조사 가정통신문 안내
G51: =IF(B51="","",IF(AND(ISNUMBER(C51),ISNUMBER(D51),ISNUMBER(E51),ISNUMBER(F51),C51>=0,C51<=10,D51>=0,D51<=10,E51>=0,E51<=15,F51>=0,F51<=15),"정상","점수 확인")) | M51: =IF(B51="","",IF(AND(OR(H51="탁월",H51="우수",H51="보통",H51="미흡",H51="불량"),OR(I51="탁월",I51="우수",I51="보통",I51="미흡",I51="불량"),OR(J51="탁월",J51="우수",J51="보통",J51="미흡",J51="불량"),OR(K51="탁월",K51="우수",K51="보통",K51="미흡",K51="불량"),ISNUMBER(L51),L51>=-15,L51<=5),"정상","등급/가감점 확인")) | R51: =IF(B51="","",IF(AND(ISNUMBER(N51),ISNUMBER(O51),ISNUMBER(P51),ISNUMBER(Q51),N51>=0,N51<=10,O51>=0,O51<=10,P51>=0,P51<=15,Q51>=0,Q51<=15),"정상","점수 확인")) | U51: =[2]서식선택_출력!B51 -> F-047 | V51: =[2]서식선택_출력!C51 -> 교복구매 수요조사 가정통신문
G52: =IF(B52="","",IF(AND(ISNUMBER(C52),ISNUMBER(D52),ISNUMBER(E52),ISNUMBER(F52),C52>=0,C52<=10,D52>=0,D52<=10,E52>=0,E52<=15,F52>=0,F52<=15),"정상","점수 확인")) | M52: =IF(B52="","",IF(AND(OR(H52="탁월",H52="우수",H52="보통",H52="미흡",H52="불량"),OR(I52="탁월",I52="우수",I52="보통",I52="미흡",I52="불량"),OR(J52="탁월",J52="우수",J52="보통",J52="미흡",J52="불량"),OR(K52="탁월",K52="우수",K52="보통",K52="미흡",K52="불량"),ISNUMBER(L52),L52>=-15,L52<=5),"정상","등급/가감점 확인")) | R52: =IF(B52="","",IF(AND(ISNUMBER(N52),ISNUMBER(O52),ISNUMBER(P52),ISNUMBER(Q52),N52>=0,N52<=10,O52>=0,O52<=10,P52>=0,P52<=15,Q52>=0,Q52<=15),"정상","점수 확인")) | U52: =[2]서식선택_출력!B52 -> F-048 | V52: =[2]서식선택_출력!C52 -> 교복 구매 안내(신청 수량 파악)
G53: =IF(B53="","",IF(AND(ISNUMBER(C53),ISNUMBER(D53),ISNUMBER(E53),ISNUMBER(F53),C53>=0,C53<=10,D53>=0,D53<=10,E53>=0,E53<=15,F53>=0,F53<=15),"정상","점수 확인")) | M53: =IF(B53="","",IF(AND(OR(H53="탁월",H53="우수",H53="보통",H53="미흡",H53="불량"),OR(I53="탁월",I53="우수",I53="보통",I53="미흡",I53="불량"),OR(J53="탁월",J53="우수",J53="보통",J53="미흡",J53="불량"),OR(K53="탁월",K53="우수",K53="보통",K53="미흡",K53="불량"),ISNUMBER(L53),L53>=-15,L53<=5),"정상","등급/가감점 확인")) | R53: =IF(B53="","",IF(AND(ISNUMBER(N53),ISNUMBER(O53),ISNUMBER(P53),ISNUMBER(Q53),N53>=0,N53<=10,O53>=0,O53<=10,P53>=0,P53<=15,Q53>=0,Q53<=15),"정상","점수 확인")) | U53: =[2]서식선택_출력!B53 -> F-049 | V53: =[2]서식선택_출력!C53 -> 만족도 설문조사 실시
U54: =[2]서식선택_출력!B54 -> F-050 | V54: =[2]서식선택_출력!C54 -> 만족도 조사 설문지
U55: =[2]서식선택_출력!B55 -> F-051 | V55: =[2]서식선택_출력!C55 -> 만족도 설문조사 결과
B56: 6. 위원 반복행 (R-01 역할·직위 / R-02 위원 성명) — 연락처·서명은 계속 입력 금지 | U56: =[2]서식선택_출력!B56 -> F-052 | V56: =[2]서식선택_출력!C56 -> 만족도 조사 설문 결과 서식
B57: 역할·직위 | C57: 마스킹 식별표시 (위원 ○○/위원 **만 허용)
B70: 7. 평가점수 반복행 (R-07 점수 / K-03 평가 총점 자동계산) — 업체·위원 식별정보는 입력하지 않음
B71: 평가항목 | C71: 배점 | D71: 점수 | E71: 점수 상태
E72: =IF(AND(B72<>"",C72<>"",D72<>""),IF(AND(ISNUMBER(C72),ISNUMBER(D72),C72>=0,D72>=0,D72<=C72),"정상","점수/배점 확인"),"")
E73: =IF(AND(B73<>"",C73<>"",D73<>""),IF(AND(ISNUMBER(C73),ISNUMBER(D73),C73>=0,D73>=0,D73<=C73),"정상","점수/배점 확인"),"")
E74: =IF(AND(B74<>"",C74<>"",D74<>""),IF(AND(ISNUMBER(C74),ISNUMBER(D74),C74>=0,D74>=0,D74<=C74),"정상","점수/배점 확인"),"")
E75: =IF(AND(B75<>"",C75<>"",D75<>""),IF(AND(ISNUMBER(C75),ISNUMBER(D75),C75>=0,D75>=0,D75<=C75),"정상","점수/배점 확인"),"")
E76: =IF(AND(B76<>"",C76<>"",D76<>""),IF(AND(ISNUMBER(C76),ISNUMBER(D76),C76>=0,D76>=0,D76<=C76),"정상","점수/배점 확인"),"")
E77: =IF(AND(B77<>"",C77<>"",D77<>""),IF(AND(ISNUMBER(C77),ISNUMBER(D77),C77>=0,D77>=0,D77<=C77),"정상","점수/배점 확인"),"")
E78: =IF(AND(B78<>"",C78<>"",D78<>""),IF(AND(ISNUMBER(C78),ISNUMBER(D78),C78>=0,D78>=0,D78<=C78),"정상","점수/배점 확인"),"")
E79: =IF(AND(B79<>"",C79<>"",D79<>""),IF(AND(ISNUMBER(C79),ISNUMBER(D79),C79>=0,D79>=0,D79<=C79),"정상","점수/배점 확인"),"")
E80: =IF(AND(B80<>"",C80<>"",D80<>""),IF(AND(ISNUMBER(C80),ISNUMBER(D80),C80>=0,D80>=0,D80<=C80),"정상","점수/배점 확인"),"")
E81: =IF(AND(B81<>"",C81<>"",D81<>""),IF(AND(ISNUMBER(C81),ISNUMBER(D81),C81>=0,D81>=0,D81<=C81),"정상","점수/배점 확인"),"")
B82: 평가 총점 (K-03) | D82: =SUM(D72:D81) -> 0

Sheet Sheet1
